日期,代码,名称,收盘价
2021-01-04,000510.CSI,中证A500,6008.2547
2021-01-05,000510.CSI,中证A500,6104.1843
2021-01-06,000510.CSI,中证A500,6152.5994
2021-01-07,000510.CSI,中证A500,6250.8995
2021-01-08,000510.CSI,中证A500,6244.3595
2021-01-11,000510.CSI,中证A500,6183.5529
2021-01-12,000510.CSI,中证A500,6342.7829
2021-01-13,000510.CSI,中证A500,6316.8563
2021-01-14,000510.CSI,中证A500,6200.9738
2021-01-15,000510.CSI,中证A500,6193.4711
2021-01-18,000510.CSI,中证A500,6271.0276
2021-01-19,000510.CSI,中证A500,6172.6881
2021-01-20,000510.CSI,中证A500,6236.96
2021-01-21,000510.CSI,中证A500,6338.6496
2021-01-22,000510.CSI,中证A500,6367.402
2021-01-25,000510.CSI,中证A500,6417.9095
2021-01-26,000510.CSI,中证A500,6279.2982
2021-01-27,000510.CSI,中证A500,6300.4977
2021-01-28,000510.CSI,中证A500,6118.353
2021-01-29,000510.CSI,中证A500,6078.8741
2021-02-01,000510.CSI,中证A500,6155.6451
2021-02-02,000510.CSI,中证A500,6250.8526
2021-02-03,000510.CSI,中证A500,6228.093
2021-02-04,000510.CSI,中证A500,6213.223
2021-02-05,000510.CSI,中证A500,6192.7573
2021-02-08,000510.CSI,中证A500,6305.5309
2021-02-09,000510.CSI,中证A500,6444.8341
2021-02-10,000510.CSI,中证A500,6577.1296
2021-02-18,000510.CSI,中证A500,6545.1744
2021-02-19,000510.CSI,中证A500,6558.1096
2021-02-22,000510.CSI,中证A500,6373.4111
2021-02-23,000510.CSI,中证A500,6350.4441
2021-02-24,000510.CSI,中证A500,6188.314
2021-02-25,000510.CSI,中证A500,6208.0067
2021-02-26,000510.CSI,中证A500,6059.9039
2021-03-01,000510.CSI,中证A500,6175.395
2021-03-02,000510.CSI,中证A500,6100.1914
2021-03-03,000510.CSI,中证A500,6208.9858
2021-03-04,000510.CSI,中证A500,6015.6539
2021-03-05,000510.CSI,中证A500,5988.5632
2021-03-08,000510.CSI,中证A500,5780.1096
2021-03-09,000510.CSI,中证A500,5655.1725
2021-03-10,000510.CSI,中证A500,5688.2766
2021-03-11,000510.CSI,中证A500,5833.8962
2021-03-12,000510.CSI,中证A500,5852.4026
2021-03-15,000510.CSI,中证A500,5728.3263
2021-03-16,000510.CSI,中证A500,5775.3812
2021-03-17,000510.CSI,中证A500,5803.2516
2021-03-18,000510.CSI,中证A500,5852.6334
2021-03-19,000510.CSI,中证A500,5699.5168
2021-03-22,000510.CSI,中证A500,5754.9497
2021-03-23,000510.CSI,中证A500,5686.2013
2021-03-24,000510.CSI,中证A500,5586.2914
2021-03-25,000510.CSI,中证A500,5592.3042
2021-03-26,000510.CSI,中证A500,5725.547
2021-03-29,000510.CSI,中证A500,5734.1927
2021-03-30,000510.CSI,中证A500,5791.6584
2021-03-31,000510.CSI,中证A500,5747.4092
2021-04-01,000510.CSI,中证A500,5823.4544
2021-04-02,000510.CSI,中证A500,5874.1041
2021-04-06,000510.CSI,中证A500,5852.7769
2021-04-07,000510.CSI,中证A500,5819.2257
2021-04-08,000510.CSI,中证A500,5828.2356
2021-04-09,000510.CSI,中证A500,5747.9357
2021-04-12,000510.CSI,中证A500,5644.6191
2021-04-13,000510.CSI,中证A500,5637.5894
2021-04-14,000510.CSI,中证A500,5701.8055
2021-04-15,000510.CSI,中证A500,5666.8753
2021-04-16,000510.CSI,中证A500,5689.2341
2021-04-19,000510.CSI,中证A500,5832.8219
2021-04-20,000510.CSI,中证A500,5825.4253
2021-04-21,000510.CSI,中证A500,5832.456
2021-04-22,000510.CSI,中证A500,5830.7482
2021-04-23,000510.CSI,中证A500,5889.8335
2021-04-26,000510.CSI,中证A500,5830.5633
2021-04-27,000510.CSI,中证A500,5842.1448
2021-04-28,000510.CSI,中证A500,5879.914
2021-04-29,000510.CSI,中证A500,5922.5413
2021-04-30,000510.CSI,中证A500,5897.5945
2021-05-06,000510.CSI,中证A500,5833.785
2021-05-07,000510.CSI,中证A500,5755.947
2021-05-10,000510.CSI,中证A500,5764.5867
2021-05-11,000510.CSI,中证A500,5779.3689
2021-05-12,000510.CSI,中证A500,5807.6161
2021-05-13,000510.CSI,中证A500,5736.5894
2021-05-14,000510.CSI,中证A500,5853.3067
2021-05-17,000510.CSI,中证A500,5947.2136
2021-05-18,000510.CSI,中证A500,5950.5357
2021-05-19,000510.CSI,中证A500,5941.5373
2021-05-20,000510.CSI,中证A500,5941.7193
2021-05-21,000510.CSI,中证A500,5895.2718
2021-05-24,000510.CSI,中证A500,5919.9543
2021-05-25,000510.CSI,中证A500,6087.6475
2021-05-26,000510.CSI,中证A500,6088.8222
2021-05-27,000510.CSI,中证A500,6120.4634
2021-05-28,000510.CSI,中证A500,6109.5324
2021-05-31,000510.CSI,中证A500,6139.4704
2021-06-01,000510.CSI,中证A500,6154.6644
2021-06-02,000510.CSI,中证A500,6094.1588
2021-06-03,000510.CSI,中证A500,6053.7327
2021-06-04,000510.CSI,中证A500,6089.2626
2021-06-07,000510.CSI,中证A500,6081.2729
2021-06-08,000510.CSI,中证A500,6041.0895
2021-06-09,000510.CSI,中证A500,6056.5552
2021-06-10,000510.CSI,中证A500,6119.8771
2021-06-11,000510.CSI,中证A500,6083.1004
2021-06-15,000510.CSI,中证A500,6013.5498
2021-06-16,000510.CSI,中证A500,5889.211
2021-06-17,000510.CSI,中证A500,5929.2826
2021-06-18,000510.CSI,中证A500,5945.6496
2021-06-21,000510.CSI,中证A500,5949.4538
2021-06-22,000510.CSI,中证A500,5982.7609
2021-06-23,000510.CSI,中证A500,6029.7733
2021-06-24,000510.CSI,中证A500,6024.8713
2021-06-25,000510.CSI,中证A500,6114.6627
2021-06-28,000510.CSI,中证A500,6144.3726
2021-06-29,000510.CSI,中证A500,6084.4978
2021-06-30,000510.CSI,中证A500,6135.4789
2021-07-01,000510.CSI,中证A500,6125.5283
2021-07-02,000510.CSI,中证A500,5961.7574
2021-07-05,000510.CSI,中证A500,5977.8113
2021-07-06,000510.CSI,中证A500,5968.5997
2021-07-07,000510.CSI,中证A500,6053.0251
2021-07-08,000510.CSI,中证A500,6013.0817
2021-07-09,000510.CSI,中证A500,6005.1463
2021-07-12,000510.CSI,中证A500,6108.0037
2021-07-13,000510.CSI,中证A500,6113.5041
2021-07-14,000510.CSI,中证A500,6039.6819
2021-07-15,000510.CSI,中证A500,6113.211
2021-07-16,000510.CSI,中证A500,6037.0645
2021-07-19,000510.CSI,中证A500,6054.5696
2021-07-20,000510.CSI,中证A500,6055.577
2021-07-21,000510.CSI,中证A500,6120.0469
2021-07-22,000510.CSI,中证A500,6136.1128
2021-07-23,000510.CSI,中证A500,6059.2485
2021-07-26,000510.CSI,中证A500,5887.6429
2021-07-27,000510.CSI,中证A500,5680.8976
2021-07-28,000510.CSI,中证A500,5690.3751
2021-07-29,000510.CSI,中证A500,5832.1828
2021-07-30,000510.CSI,中证A500,5800.2595
2021-08-02,000510.CSI,中证A500,5927.9863
2021-08-03,000510.CSI,中证A500,5910.0996
2021-08-04,000510.CSI,中证A500,5991.3829
2021-08-05,000510.CSI,中证A500,5955.472
2021-08-06,000510.CSI,中证A500,5928.8701
2021-08-09,000510.CSI,中证A500,5968.3598
2021-08-10,000510.CSI,中证A500,6020.1884
2021-08-11,000510.CSI,中证A500,5998.507
2021-08-12,000510.CSI,中证A500,5958.7621
2021-08-13,000510.CSI,中证A500,5926.7448
2021-08-16,000510.CSI,中证A500,5899.8097
2021-08-17,000510.CSI,中证A500,5766.3632
2021-08-18,000510.CSI,中证A500,5814.0701
2021-08-19,000510.CSI,中证A500,5799.5337
2021-08-20,000510.CSI,中证A500,5695.0004
2021-08-23,000510.CSI,中证A500,5796.3657
2021-08-24,000510.CSI,中证A500,5856.8659
2021-08-25,000510.CSI,中证A500,5886.5889
2021-08-26,000510.CSI,中证A500,5782.7156
2021-08-27,000510.CSI,中证A500,5818.0327
2021-08-30,000510.CSI,中证A500,5820.9503
2021-08-31,000510.CSI,中证A500,5802.5695
2021-09-01,000510.CSI,中证A500,5832.3475
2021-09-02,000510.CSI,中证A500,5838.7513
2021-09-03,000510.CSI,中证A500,5802.2585
2021-09-06,000510.CSI,中证A500,5915.3213
2021-09-07,000510.CSI,中证A500,5984.9462
2021-09-08,000510.CSI,中证A500,5964.3429
2021-09-09,000510.CSI,中证A500,5973.6453
2021-09-10,000510.CSI,中证A500,6012.2694
2021-09-13,000510.CSI,中证A500,5993.699
2021-09-14,000510.CSI,中证A500,5931.6346
2021-09-15,000510.CSI,中证A500,5883.4884
2021-09-16,000510.CSI,中证A500,5792.7215
2021-09-17,000510.CSI,中证A500,5827.7694
2021-09-22,000510.CSI,中证A500,5806.3042
2021-09-23,000510.CSI,中证A500,5839.5934
2021-09-24,000510.CSI,中证A500,5822.8655
2021-09-27,000510.CSI,中证A500,5828.9162
2021-09-28,000510.CSI,中证A500,5826.6886
2021-09-29,000510.CSI,中证A500,5746.2657
2021-09-30,000510.CSI,中证A500,5812.6025
2021-10-08,000510.CSI,中证A500,5869.2226
2021-10-11,000510.CSI,中证A500,5866.9078
2021-10-12,000510.CSI,中证A500,5788.116
2021-10-13,000510.CSI,中证A500,5860.549
2021-10-14,000510.CSI,中证A500,5846.6643
2021-10-15,000510.CSI,中证A500,5886.5695
2021-10-18,000510.CSI,中证A500,5846.7737
2021-10-19,000510.CSI,中证A500,5892.994
2021-10-20,000510.CSI,中证A500,5883.5576
2021-10-21,000510.CSI,中证A500,5898.2248
2021-10-22,000510.CSI,中证A500,5920.2067
2021-10-25,000510.CSI,中证A500,5952.6634
2021-10-26,000510.CSI,中证A500,5932.2704
2021-10-27,000510.CSI,中证A500,5870.5326
2021-10-28,000510.CSI,中证A500,5819.063
2021-10-29,000510.CSI,中证A500,5894.0515
2021-11-01,000510.CSI,中证A500,5877.4363
2021-11-02,000510.CSI,中证A500,5824.0468
2021-11-03,000510.CSI,中证A500,5800.7529
2021-11-04,000510.CSI,中证A500,5861.4548
2021-11-05,000510.CSI,中证A500,5823.7416
2021-11-08,000510.CSI,中证A500,5839.1691
2021-11-09,000510.CSI,中证A500,5852.6981
2021-11-10,000510.CSI,中证A500,5813.9355
2021-11-11,000510.CSI,中证A500,5896.6271
2021-11-12,000510.CSI,中证A500,5888.6811
2021-11-15,000510.CSI,中证A500,5866.5484
2021-11-16,000510.CSI,中证A500,5855.1535
2021-11-17,000510.CSI,中证A500,5877.4144
2021-11-18,000510.CSI,中证A500,5825.6691
2021-11-19,000510.CSI,中证A500,5890.7868
2021-11-22,000510.CSI,中证A500,5946.7627
2021-11-23,000510.CSI,中证A500,5939.4975
2021-11-24,000510.CSI,中证A500,5937.1185
2021-11-25,000510.CSI,中证A500,5917.6677
2021-11-26,000510.CSI,中证A500,5881.699
2021-11-29,000510.CSI,中证A500,5887.9368
2021-11-30,000510.CSI,中证A500,5873.9723
2021-12-01,000510.CSI,中证A500,5878.7459
2021-12-02,000510.CSI,中证A500,5882.7298
2021-12-03,000510.CSI,中证A500,5934.4324
2021-12-06,000510.CSI,中证A500,5901.364
2021-12-07,000510.CSI,中证A500,5908.0677
2021-12-08,000510.CSI,中证A500,6000.3947
2021-12-09,000510.CSI,中证A500,6076.1823
2021-12-10,000510.CSI,中证A500,6059.8406
2021-12-13,000510.CSI,中证A500,6100.5725
2021-12-14,000510.CSI,中证A500,6061.8086
2021-12-15,000510.CSI,中证A500,6015.0919
2021-12-16,000510.CSI,中证A500,6056.5722
2021-12-17,000510.CSI,中证A500,5963.4154
2021-12-20,000510.CSI,中证A500,5866.8679
2021-12-21,000510.CSI,中证A500,5913.3474
2021-12-22,000510.CSI,中证A500,5927.9585
2021-12-23,000510.CSI,中证A500,5964.5362
2021-12-24,000510.CSI,中证A500,5921.2562
2021-12-27,000510.CSI,中证A500,5911.3263
2021-12-28,000510.CSI,中证A500,5950.7181
2021-12-29,000510.CSI,中证A500,5873.8024
2021-12-30,000510.CSI,中证A500,5921.1514
2021-12-31,000510.CSI,中证A500,5946.5949
2022-01-04,000510.CSI,中证A500,5918.1844
2022-01-05,000510.CSI,中证A500,5843.016
2022-01-06,000510.CSI,中证A500,5793.9823
2022-01-07,000510.CSI,中证A500,5789.4385
2022-01-10,000510.CSI,中证A500,5815.6827
2022-01-11,000510.CSI,中证A500,5756.2721
2022-01-12,000510.CSI,中证A500,5819.5592
2022-01-13,000510.CSI,中证A500,5721.8886
2022-01-14,000510.CSI,中证A500,5688.7805
2022-01-17,000510.CSI,中证A500,5748.2255
2022-01-18,000510.CSI,中证A500,5795.1008
2022-01-19,000510.CSI,中证A500,5750.4249
2022-01-20,000510.CSI,中证A500,5775.1154
2022-01-21,000510.CSI,中证A500,5717.5423
2022-01-24,000510.CSI,中证A500,5727.5221
2022-01-25,000510.CSI,中证A500,5584.9859
2022-01-26,000510.CSI,中证A500,5620.9601
2022-01-27,000510.CSI,中证A500,5497.2537
2022-01-28,000510.CSI,中证A500,5435.2305
2022-02-07,000510.CSI,中证A500,5523.9061
2022-02-08,000510.CSI,中证A500,5504.0156
2022-02-09,000510.CSI,中证A500,5565.4251
2022-02-10,000510.CSI,中证A500,5552.2355
2022-02-11,000510.CSI,中证A500,5495.9276
2022-02-14,000510.CSI,中证A500,5443.9334
2022-02-15,000510.CSI,中证A500,5506.281
2022-02-16,000510.CSI,中证A500,5527.4804
2022-02-17,000510.CSI,中证A500,5541.8221
2022-02-18,000510.CSI,中证A500,5573.0707
2022-02-21,000510.CSI,中证A500,5559.1427
2022-02-22,000510.CSI,中证A500,5490.2066
2022-02-23,000510.CSI,中证A500,5563.0162
2022-02-24,000510.CSI,中证A500,5453.184
2022-02-25,000510.CSI,中证A500,5505.8017
2022-02-28,000510.CSI,中证A500,5523.0872
2022-03-01,000510.CSI,中证A500,5559.8409
2022-03-02,000510.CSI,中证A500,5512.8096
2022-03-03,000510.CSI,中证A500,5477.9076
2022-03-04,000510.CSI,中证A500,5405.5146
2022-03-07,000510.CSI,中证A500,5236.4524
2022-03-08,000510.CSI,中证A500,5122.2517
2022-03-09,000510.CSI,中证A500,5074.8498
2022-03-10,000510.CSI,中证A500,5160.5758
2022-03-11,000510.CSI,中证A500,5175.8294
2022-03-14,000510.CSI,中证A500,5019.8029
2022-03-15,000510.CSI,中证A500,4778.8762
2022-03-16,000510.CSI,中证A500,4980.2394
2022-03-17,000510.CSI,中证A500,5084.8041
2022-03-18,000510.CSI,中证A500,5121.2454
2022-03-21,000510.CSI,中证A500,5119.3667
2022-03-22,000510.CSI,中证A500,5116.6856
2022-03-23,000510.CSI,中证A500,5143.9532
2022-03-24,000510.CSI,中证A500,5110.4906
2022-03-25,000510.CSI,中证A500,5018.9974
2022-03-28,000510.CSI,中证A500,4992.2959
2022-03-29,000510.CSI,中证A500,4970.5137
2022-03-30,000510.CSI,中证A500,5107.4787
2022-03-31,000510.CSI,中证A500,5061.5304
2022-04-01,000510.CSI,中证A500,5117.2766
2022-04-06,000510.CSI,中证A500,5099.7385
2022-04-07,000510.CSI,中证A500,5031.0575
2022-04-08,000510.CSI,中证A500,5052.4647
2022-04-11,000510.CSI,中证A500,4887.5442
2022-04-12,000510.CSI,中证A500,4975.7537
2022-04-13,000510.CSI,中证A500,4923.6493
2022-04-14,000510.CSI,中证A500,4985.4992
2022-04-15,000510.CSI,中证A500,4968.7713
2022-04-18,000510.CSI,中证A500,4953.2022
2022-04-19,000510.CSI,中证A500,4925.8222
2022-04-20,000510.CSI,中证A500,4838.7995
2022-04-21,000510.CSI,中证A500,4729.1151
2022-04-22,000510.CSI,中证A500,4741.8248
2022-04-25,000510.CSI,中证A500,4484.4534
2022-04-26,000510.CSI,中证A500,4436.9088
2022-04-27,000510.CSI,中证A500,4591.5715
2022-04-28,000510.CSI,中证A500,4615.8504
2022-04-29,000510.CSI,中证A500,4745.7346
2022-05-05,000510.CSI,中证A500,4749.477
2022-05-06,000510.CSI,中证A500,4630.7568
2022-05-09,000510.CSI,中证A500,4603.1438
2022-05-10,000510.CSI,中证A500,4655.0953
2022-05-11,000510.CSI,中证A500,4724.3316
2022-05-12,000510.CSI,中证A500,4706.8881
2022-05-13,000510.CSI,中证A500,4743.8854
2022-05-16,000510.CSI,中证A500,4715.2159
2022-05-17,000510.CSI,中证A500,4774.9038
2022-05-18,000510.CSI,中证A500,4758.5824
2022-05-19,000510.CSI,中证A500,4775.087
2022-05-20,000510.CSI,中证A500,4866.1128
2022-05-23,000510.CSI,中证A500,4846.7082
2022-05-24,000510.CSI,中证A500,4718.3459
2022-05-25,000510.CSI,中证A500,4752.5861
2022-05-26,000510.CSI,中证A500,4773.4013
2022-05-27,000510.CSI,中证A500,4781.5809
2022-05-30,000510.CSI,中证A500,4821.2432
2022-05-31,000510.CSI,中证A500,4895.1025
2022-06-01,000510.CSI,中证A500,4892.268
2022-06-02,000510.CSI,中证A500,4910.2571
2022-06-06,000510.CSI,中证A500,5007.9514
2022-06-07,000510.CSI,中证A500,5014.8643
2022-06-08,000510.CSI,中证A500,5059.9605
2022-06-09,000510.CSI,中证A500,4997.5569
2022-06-10,000510.CSI,中证A500,5077.1244
2022-06-13,000510.CSI,中证A500,5032.0164
2022-06-14,000510.CSI,中证A500,5057.456
2022-06-15,000510.CSI,中证A500,5103.6312
2022-06-16,000510.CSI,中证A500,5085.3241
2022-06-17,000510.CSI,中证A500,5158.7455
2022-06-20,000510.CSI,中证A500,5183.9269
2022-06-21,000510.CSI,中证A500,5167.8065
2022-06-22,000510.CSI,中证A500,5096.6672
2022-06-23,000510.CSI,中证A500,5191.9562
2022-06-24,000510.CSI,中证A500,5258.2256
2022-06-27,000510.CSI,中证A500,5315.9562
2022-06-28,000510.CSI,中证A500,5381.162
2022-06-29,000510.CSI,中证A500,5288.534
2022-06-30,000510.CSI,中证A500,5364.324
2022-07-01,000510.CSI,中证A500,5348.7811
2022-07-04,000510.CSI,中证A500,5391.4969
2022-07-05,000510.CSI,中证A500,5388.1276
2022-07-06,000510.CSI,中证A500,5308.3802
2022-07-07,000510.CSI,中证A500,5337.583
2022-07-08,000510.CSI,中证A500,5312.667
2022-07-11,000510.CSI,中证A500,5215.3407
2022-07-12,000510.CSI,中证A500,5159.0116
2022-07-13,000510.CSI,中证A500,5173.3429
2022-07-14,000510.CSI,中证A500,5186.0182
2022-07-15,000510.CSI,中证A500,5101.7992
2022-07-18,000510.CSI,中证A500,5160.7317
2022-07-19,000510.CSI,中证A500,5140.2494
2022-07-20,000510.CSI,中证A500,5164.8346
2022-07-21,000510.CSI,中证A500,5107.7885
2022-07-22,000510.CSI,中证A500,5101.2564
2022-07-25,000510.CSI,中证A500,5065.6522
2022-07-26,000510.CSI,中证A500,5109.5677
2022-07-27,000510.CSI,中证A500,5093.7679
2022-07-28,000510.CSI,中证A500,5097.1191
2022-07-29,000510.CSI,中证A500,5034.1838
2022-08-01,000510.CSI,中证A500,5064.4045
2022-08-02,000510.CSI,中证A500,4958.2588
2022-08-03,000510.CSI,中证A500,4912.541
2022-08-04,000510.CSI,中证A500,4951.8253
2022-08-05,000510.CSI,中证A500,5026.2689
2022-08-08,000510.CSI,中证A500,5026.7505
2022-08-09,000510.CSI,中证A500,5040.3202
2022-08-10,000510.CSI,中证A500,4990.3248
2022-08-11,000510.CSI,中证A500,5084.0993
2022-08-12,000510.CSI,中证A500,5076.5721
2022-08-15,000510.CSI,中证A500,5079.9831
2022-08-16,000510.CSI,中证A500,5074.6786
2022-08-17,000510.CSI,中证A500,5112.7964
2022-08-18,000510.CSI,中证A500,5073.0702
2022-08-19,000510.CSI,中证A500,5029.8198
2022-08-22,000510.CSI,中证A500,5080.2785
2022-08-23,000510.CSI,中证A500,5057.9333
2022-08-24,000510.CSI,中证A500,4944.1732
2022-08-25,000510.CSI,中证A500,4978.9375
2022-08-26,000510.CSI,中证A500,4962.9313
2022-08-29,000510.CSI,中证A500,4944.53
2022-08-30,000510.CSI,中证A500,4922.8178
2022-08-31,000510.CSI,中证A500,4900.0966
2022-09-01,000510.CSI,中证A500,4858.9206
2022-09-02,000510.CSI,中证A500,4843.3839
2022-09-05,000510.CSI,中证A500,4836.1343
2022-09-06,000510.CSI,中证A500,4890.4121
2022-09-07,000510.CSI,中证A500,4900.8644
2022-09-08,000510.CSI,中证A500,4875.0935
2022-09-09,000510.CSI,中证A500,4939.1507
2022-09-13,000510.CSI,中证A500,4955.9813
2022-09-14,000510.CSI,中证A500,4902.1535
2022-09-15,000510.CSI,中证A500,4837.2195
2022-09-16,000510.CSI,中证A500,4727.1903
2022-09-19,000510.CSI,中证A500,4715.2664
2022-09-20,000510.CSI,中证A500,4728.6709
2022-09-21,000510.CSI,中证A500,4699.3874
2022-09-22,000510.CSI,中证A500,4662.8188
2022-09-23,000510.CSI,中证A500,4634.5865
2022-09-26,000510.CSI,中证A500,4604.3614
2022-09-27,000510.CSI,中证A500,4673.0695
2022-09-28,000510.CSI,中证A500,4579.7758
2022-09-29,000510.CSI,中证A500,4583.4222
2022-09-30,000510.CSI,中证A500,4547.4111
2022-10-10,000510.CSI,中证A500,4445.6236
2022-10-11,000510.CSI,中证A500,4460.1367
2022-10-12,000510.CSI,中证A500,4536.1563
2022-10-13,000510.CSI,中证A500,4505.7376
2022-10-14,000510.CSI,中证A500,4616.7493
2022-10-17,000510.CSI,中证A500,4629.3406
2022-10-18,000510.CSI,中证A500,4623.5907
2022-10-19,000510.CSI,中证A500,4555.6508
2022-10-20,000510.CSI,中证A500,4524.6567
2022-10-21,000510.CSI,中证A500,4507.8773
2022-10-24,000510.CSI,中证A500,4393.8974
2022-10-25,000510.CSI,中证A500,4385.7278
2022-10-26,000510.CSI,中证A500,4431.1541
2022-10-27,000510.CSI,中证A500,4403.5456
2022-10-28,000510.CSI,中证A500,4282.5676
2022-10-31,000510.CSI,中证A500,4254.2646
2022-11-01,000510.CSI,中证A500,4398.877
2022-11-02,000510.CSI,中证A500,4452.0538
2022-11-03,000510.CSI,中证A500,4424.7776
2022-11-04,000510.CSI,中证A500,4565.4128
2022-11-07,000510.CSI,中证A500,4575.7842
2022-11-08,000510.CSI,中证A500,4550.8079
2022-11-09,000510.CSI,中证A500,4512.0286
2022-11-10,000510.CSI,中证A500,4471.7048
2022-11-11,000510.CSI,中证A500,4582.5318
2022-11-14,000510.CSI,中证A500,4580.5685
2022-11-15,000510.CSI,中证A500,4667.1136
2022-11-16,000510.CSI,中证A500,4631.8555
2022-11-17,000510.CSI,中证A500,4614.6844
2022-11-18,000510.CSI,中证A500,4593.2097
2022-11-21,000510.CSI,中证A500,4565.3529
2022-11-22,000510.CSI,中证A500,4555.253
2022-11-23,000510.CSI,中证A500,4559.0776
2022-11-24,000510.CSI,中证A500,4542.3052
2022-11-25,000510.CSI,中证A500,4551.8867
2022-11-28,000510.CSI,中证A500,4506.9626
2022-11-29,000510.CSI,中证A500,4631.2373
2022-11-30,000510.CSI,中证A500,4638.822
2022-12-01,000510.CSI,中证A500,4688.2531
2022-12-02,000510.CSI,中证A500,4660.6943
2022-12-05,000510.CSI,中证A500,4737.6794
2022-12-06,000510.CSI,中证A500,4759.9094
2022-12-07,000510.CSI,中证A500,4750.1978
2022-12-08,000510.CSI,中证A500,4745.6244
2022-12-09,000510.CSI,中证A500,4788.8766
2022-12-12,000510.CSI,中证A500,4742.4259
2022-12-13,000510.CSI,中证A500,4722.2161
2022-12-14,000510.CSI,中证A500,4724.617
2022-12-15,000510.CSI,中证A500,4729.5484
2022-12-16,000510.CSI,中证A500,4719.3946
2022-12-19,000510.CSI,中证A500,4645.7297
2022-12-20,000510.CSI,中证A500,4573.3333
2022-12-21,000510.CSI,中证A500,4566.6349
2022-12-22,000510.CSI,中证A500,4558.7807
2022-12-23,000510.CSI,中证A500,4547.9908
2022-12-26,000510.CSI,中证A500,4582.5783
2022-12-27,000510.CSI,中证A500,4629.3121
2022-12-28,000510.CSI,中证A500,4607.0857
2022-12-29,000510.CSI,中证A500,4592.2634
2022-12-30,000510.CSI,中证A500,4605.1773
2023-01-03,000510.CSI,中证A500,4642.8124
2023-01-04,000510.CSI,中证A500,4642.4484
2023-01-05,000510.CSI,中证A500,4728.508
2023-01-06,000510.CSI,中证A500,4746.1381
2023-01-09,000510.CSI,中证A500,4779.0831
2023-01-10,000510.CSI,中证A500,4787.7076
2023-01-11,000510.CSI,中证A500,4776.9077
2023-01-12,000510.CSI,中证A500,4785.03
2023-01-13,000510.CSI,中证A500,4840.454
2023-01-16,000510.CSI,中证A500,4912.451
2023-01-17,000510.CSI,中证A500,4913.7235
2023-01-18,000510.CSI,中证A500,4912.3873
2023-01-19,000510.CSI,中证A500,4945.7571
2023-01-20,000510.CSI,中证A500,4982.7436
2023-01-30,000510.CSI,中证A500,5011.2497
2023-01-31,000510.CSI,中证A500,4969.5849
2023-02-01,000510.CSI,中证A500,5018.3
2023-02-02,000510.CSI,中证A500,5006.9845
2023-02-03,000510.CSI,中证A500,4966.3463
2023-02-06,000510.CSI,中证A500,4906.4882
2023-02-07,000510.CSI,中证A500,4916.9395
2023-02-08,000510.CSI,中证A500,4892.0935
2023-02-09,000510.CSI,中证A500,4960.1206
2023-02-10,000510.CSI,中证A500,4931.5766
2023-02-13,000510.CSI,中证A500,4977.0238
2023-02-14,000510.CSI,中证A500,4978.3833
2023-02-15,000510.CSI,中证A500,4956.9157
2023-02-16,000510.CSI,中证A500,4909.83
2023-02-17,000510.CSI,中证A500,4840.3642
2023-02-20,000510.CSI,中证A500,4953.7102
2023-02-21,000510.CSI,中证A500,4970.0903
2023-02-22,000510.CSI,中证A500,4929.6695
2023-02-23,000510.CSI,中证A500,4922.7639
2023-02-24,000510.CSI,中证A500,4878.2467
2023-02-27,000510.CSI,中证A500,4856.0706
2023-02-28,000510.CSI,中证A500,4886.2801
2023-03-01,000510.CSI,中证A500,4952.1841
2023-03-02,000510.CSI,中证A500,4940.3218
2023-03-03,000510.CSI,中证A500,4951.6686
2023-03-06,000510.CSI,中证A500,4932.7484
2023-03-07,000510.CSI,中证A500,4855.3789
2023-03-08,000510.CSI,中证A500,4845.8664
2023-03-09,000510.CSI,中证A500,4830.8344
2023-03-10,000510.CSI,中证A500,4766.4929
2023-03-13,000510.CSI,中证A500,4810.0763
2023-03-14,000510.CSI,中证A500,4776.438
2023-03-15,000510.CSI,中证A500,4779.4152
2023-03-16,000510.CSI,中证A500,4716.2652
2023-03-17,000510.CSI,中证A500,4743.6217
2023-03-20,000510.CSI,中证A500,4722.6059
2023-03-21,000510.CSI,中证A500,4781.2589
2023-03-22,000510.CSI,中证A500,4806.4709
2023-03-23,000510.CSI,中证A500,4850.072
2023-03-24,000510.CSI,中证A500,4841.552
2023-03-27,000510.CSI,中证A500,4830.8816
2023-03-28,000510.CSI,中证A500,4805.3673
2023-03-29,000510.CSI,中证A500,4811.5113
2023-03-30,000510.CSI,中证A500,4845.7152
2023-03-31,000510.CSI,中证A500,4868.378
2023-04-03,000510.CSI,中证A500,4924.8591
2023-04-04,000510.CSI,中证A500,4930.7339
2023-04-06,000510.CSI,中证A500,4928.7799
2023-04-07,000510.CSI,中证A500,4963.7239
2023-04-10,000510.CSI,中证A500,4935.497
2023-04-11,000510.CSI,中证A500,4933.519
2023-04-12,000510.CSI,中证A500,4939.4826
2023-04-13,000510.CSI,中证A500,4900.5471
2023-04-14,000510.CSI,中证A500,4933.3629
2023-04-17,000510.CSI,中证A500,4984.7583
2023-04-18,000510.CSI,中证A500,4995.855
2023-04-19,000510.CSI,中证A500,4955.1131
2023-04-20,000510.CSI,中证A500,4943.7011
2023-04-21,000510.CSI,中证A500,4836.7752
2023-04-24,000510.CSI,中证A500,4782.884
2023-04-25,000510.CSI,中证A500,4737.7775
2023-04-26,000510.CSI,中证A500,4741.3239
2023-04-27,000510.CSI,中证A500,4763.8329
2023-04-28,000510.CSI,中证A500,4819.1442
2023-05-04,000510.CSI,中证A500,4808.136
2023-05-05,000510.CSI,中证A500,4777.2547
2023-05-08,000510.CSI,中证A500,4825.6428
2023-05-09,000510.CSI,中证A500,4776.0949
2023-05-10,000510.CSI,中证A500,4756.1192
2023-05-11,000510.CSI,中证A500,4747.6826
2023-05-12,000510.CSI,中证A500,4681.5066
2023-05-15,000510.CSI,中证A500,4753.9841
2023-05-16,000510.CSI,中证A500,4724.903
2023-05-17,000510.CSI,中证A500,4711.7047
2023-05-18,000510.CSI,中证A500,4710.2221
2023-05-19,000510.CSI,中证A500,4699.2851
2023-05-22,000510.CSI,中证A500,4723.3653
2023-05-23,000510.CSI,中证A500,4661.2982
2023-05-24,000510.CSI,中证A500,4607.1672
2023-05-25,000510.CSI,中证A500,4595.7882
2023-05-26,000510.CSI,中证A500,4599.6074
2023-05-29,000510.CSI,中证A500,4579.0254
2023-05-30,000510.CSI,中证A500,4592.7655
2023-05-31,000510.CSI,中证A500,4548.8614
2023-06-01,000510.CSI,中证A500,4562.8891
2023-06-02,000510.CSI,中证A500,4629.3768
2023-06-05,000510.CSI,中证A500,4612.1136
2023-06-06,000510.CSI,中证A500,4559.0148
2023-06-07,000510.CSI,中证A500,4537.2591
2023-06-08,000510.CSI,中证A500,4558.2243
2023-06-09,000510.CSI,中证A500,4587.1862
2023-06-12,000510.CSI,中证A500,4599.4238
2023-06-13,000510.CSI,中证A500,4624.1494
2023-06-14,000510.CSI,中证A500,4625.9627
2023-06-15,000510.CSI,中证A500,4696.7347
2023-06-16,000510.CSI,中证A500,4746.5283
2023-06-19,000510.CSI,中证A500,4716.6269
2023-06-20,000510.CSI,中证A500,4714.9123
2023-06-21,000510.CSI,中证A500,4630.2521
2023-06-26,000510.CSI,中证A500,4561.2888
2023-06-27,000510.CSI,中证A500,4606.0216
2023-06-28,000510.CSI,中证A500,4595.3246
2023-06-29,000510.CSI,中证A500,4578.555
2023-06-30,000510.CSI,中证A500,4608.5028
2023-07-03,000510.CSI,中证A500,4656.9183
2023-07-04,000510.CSI,中证A500,4666.454
2023-07-05,000510.CSI,中证A500,4631.478
2023-07-06,000510.CSI,中证A500,4602.7768
2023-07-07,000510.CSI,中证A500,4575.2449
2023-07-10,000510.CSI,中证A500,4599.225
2023-07-11,000510.CSI,中证A500,4630.2263
2023-07-12,000510.CSI,中证A500,4592.522
2023-07-13,000510.CSI,中证A500,4656.57
2023-07-14,000510.CSI,中证A500,4655.0826
2023-07-17,000510.CSI,中证A500,4620.0314
2023-07-18,000510.CSI,中证A500,4605.9648
2023-07-19,000510.CSI,中证A500,4598.6392
2023-07-20,000510.CSI,中证A500,4560.5569
2023-07-21,000510.CSI,中证A500,4555.1675
2023-07-24,000510.CSI,中证A500,4536.1496
2023-07-25,000510.CSI,中证A500,4654.9414
2023-07-26,000510.CSI,中证A500,4641.9179
2023-07-27,000510.CSI,中证A500,4629.1481
2023-07-28,000510.CSI,中证A500,4716.8923
2023-07-31,000510.CSI,中证A500,4748.7978
2023-08-01,000510.CSI,中证A500,4737.6459
2023-08-02,000510.CSI,中证A500,4707.9768
2023-08-03,000510.CSI,中证A500,4736.2998
2023-08-04,000510.CSI,中证A500,4756.8747
2023-08-07,000510.CSI,中证A500,4723.6299
2023-08-08,000510.CSI,中证A500,4708.6532
2023-08-09,000510.CSI,中证A500,4687.9879
2023-08-10,000510.CSI,中证A500,4694.5683
2023-08-11,000510.CSI,中证A500,4592.5982
2023-08-14,000510.CSI,中证A500,4568.6541
2023-08-15,000510.CSI,中证A500,4545.5059
2023-08-16,000510.CSI,中证A500,4504.9229
2023-08-17,000510.CSI,中证A500,4525.901
2023-08-18,000510.CSI,中证A500,4461.0272
2023-08-21,000510.CSI,中证A500,4403.2432
2023-08-22,000510.CSI,中证A500,4435.3498
2023-08-23,000510.CSI,中证A500,4356.4143
2023-08-24,000510.CSI,中证A500,4386.9974
2023-08-25,000510.CSI,中证A500,4355.3525
2023-08-28,000510.CSI,中证A500,4404.9034
2023-08-29,000510.CSI,中证A500,4468.5501
2023-08-30,000510.CSI,中证A500,4475.7084
2023-08-31,000510.CSI,中证A500,4450.7377
2023-09-01,000510.CSI,中证A500,4475.6484
2023-09-04,000510.CSI,中证A500,4545.5603
2023-09-05,000510.CSI,中证A500,4513.3584
2023-09-06,000510.CSI,中证A500,4505.9634
2023-09-07,000510.CSI,中证A500,4436.1928
2023-09-08,000510.CSI,中证A500,4416.735
2023-09-11,000510.CSI,中证A500,4452.4865
2023-09-12,000510.CSI,中证A500,4445.4269
2023-09-13,000510.CSI,中证A500,4411.3247
2023-09-14,000510.CSI,中证A500,4403.4224
2023-09-15,000510.CSI,中证A500,4377.1287
2023-09-18,000510.CSI,中证A500,4398.7815
2023-09-19,000510.CSI,中证A500,4383.5598
2023-09-20,000510.CSI,中证A500,4362.4709
2023-09-21,000510.CSI,中证A500,4325.5891
2023-09-22,000510.CSI,中证A500,4406.912
2023-09-25,000510.CSI,中证A500,4378.568
2023-09-26,000510.CSI,中证A500,4353.0249
2023-09-27,000510.CSI,中证A500,4367.346
2023-09-28,000510.CSI,中证A500,4362.8545
2023-10-09,000510.CSI,中证A500,4355.7956
2023-10-10,000510.CSI,中证A500,4327.5238
2023-10-11,000510.CSI,中证A500,4340.3171
2023-10-12,000510.CSI,中证A500,4378.9202
2023-10-13,000510.CSI,中证A500,4335.207
2023-10-16,000510.CSI,中证A500,4289.102
2023-10-17,000510.CSI,中证A500,4299.814
2023-10-18,000510.CSI,中证A500,4257.5959
2023-10-19,000510.CSI,中证A500,4173.819
2023-10-20,000510.CSI,中证A500,4142.9743
2023-10-23,000510.CSI,中证A500,4089.3441
2023-10-24,000510.CSI,中证A500,4108.1953
2023-10-25,000510.CSI,中证A500,4126.7274
2023-10-26,000510.CSI,中证A500,4138.4157
2023-10-27,000510.CSI,中证A500,4202.4548
2023-10-30,000510.CSI,中证A500,4237.0114
2023-10-31,000510.CSI,中证A500,4219.4358
2023-11-01,000510.CSI,中证A500,4215.8083
2023-11-02,000510.CSI,中证A500,4192.181
2023-11-03,000510.CSI,中证A500,4232.3096
2023-11-06,000510.CSI,中证A500,4294.1066
2023-11-07,000510.CSI,中证A500,4283.7983
2023-11-08,000510.CSI,中证A500,4277.9831
2023-11-09,000510.CSI,中证A500,4276.2341
2023-11-10,000510.CSI,中证A500,4247.0625
2023-11-13,000510.CSI,中证A500,4250.0771
2023-11-14,000510.CSI,中证A500,4253.2975
2023-11-15,000510.CSI,中证A500,4283.7047
2023-11-16,000510.CSI,中证A500,4239.6747
2023-11-17,000510.CSI,中证A500,4241.0815
2023-11-20,000510.CSI,中证A500,4254.2887
2023-11-21,000510.CSI,中证A500,4253.417
2023-11-22,000510.CSI,中证A500,4203.63
2023-11-23,000510.CSI,中证A500,4228.7996
2023-11-24,000510.CSI,中证A500,4194.9056
2023-11-27,000510.CSI,中证A500,4170.4085
2023-11-28,000510.CSI,中证A500,4181.6691
2023-11-29,000510.CSI,中证A500,4148.0306
2023-11-30,000510.CSI,中证A500,4150.2651
2023-12-01,000510.CSI,中证A500,4144.4303
2023-12-04,000510.CSI,中证A500,4121.3242
2023-12-05,000510.CSI,中证A500,4040.3078
2023-12-06,000510.CSI,中证A500,4051.5923
2023-12-07,000510.CSI,中证A500,4041.1025
2023-12-08,000510.CSI,中证A500,4054.9101
2023-12-11,000510.CSI,中证A500,4082.7651
2023-12-12,000510.CSI,中证A500,4089.4612
2023-12-13,000510.CSI,中证A500,4023.5048
2023-12-14,000510.CSI,中证A500,4003.9545
2023-12-15,000510.CSI,中证A500,3990.2561
2023-12-18,000510.CSI,中证A500,3965.1097
2023-12-19,000510.CSI,中证A500,3970.6668
2023-12-20,000510.CSI,中证A500,3925.3575
2023-12-21,000510.CSI,中证A500,3965.8954
2023-12-22,000510.CSI,中证A500,3965.4857
2023-12-25,000510.CSI,中证A500,3977.7093
2023-12-26,000510.CSI,中证A500,3948.5574
2023-12-27,000510.CSI,中证A500,3959.0457
2023-12-28,000510.CSI,中证A500,4054.1843
2023-12-29,000510.CSI,中证A500,4079.4046
2024-01-02,000510.CSI,中证A500,4030.3787
2024-01-03,000510.CSI,中证A500,4018.7277
2024-01-04,000510.CSI,中证A500,3979.079
2024-01-05,000510.CSI,中证A500,3946.3877
2024-01-08,000510.CSI,中证A500,3888.8039
2024-01-09,000510.CSI,中证A500,3898.3211
2024-01-10,000510.CSI,中证A500,3878.4557
2024-01-11,000510.CSI,中证A500,3910.3855
2024-01-12,000510.CSI,中证A500,3894.8639
2024-01-15,000510.CSI,中证A500,3889.0049
2024-01-16,000510.CSI,中证A500,3902.6403
2024-01-17,000510.CSI,中证A500,3810.0647
2024-01-18,000510.CSI,中证A500,3858.2257
2024-01-19,000510.CSI,中证A500,3846.4827
2024-01-22,000510.CSI,中证A500,3758.4943
2024-01-23,000510.CSI,中证A500,3784.0352
2024-01-24,000510.CSI,中证A500,3831.1498
2024-01-25,000510.CSI,中证A500,3916.8155
2024-01-26,000510.CSI,中证A500,3895.914
2024-01-29,000510.CSI,中证A500,3846.0966
2024-01-30,000510.CSI,中证A500,3772.6668
2024-01-31,000510.CSI,中证A500,3720.8242
2024-02-01,000510.CSI,中证A500,3721.228
2024-02-02,000510.CSI,中证A500,3663.7745
2024-02-05,000510.CSI,中证A500,3663.4141
2024-02-06,000510.CSI,中证A500,3825.4068
2024-02-07,000510.CSI,中证A500,3902.1923
2024-02-08,000510.CSI,中证A500,3934.2465
2024-02-19,000510.CSI,中证A500,3976.7349
2024-02-20,000510.CSI,中证A500,3978.074
2024-02-21,000510.CSI,中证A500,4021.9349
2024-02-22,000510.CSI,中证A500,4056.4287
2024-02-23,000510.CSI,中证A500,4064.8438
2024-02-26,000510.CSI,中证A500,4034.638
2024-02-27,000510.CSI,中证A500,4094.5465
2024-02-28,000510.CSI,中证A500,4026.9636
2024-02-29,000510.CSI,中证A500,4118.9607
2024-03-01,000510.CSI,中证A500,4147.9238
2024-03-04,000510.CSI,中证A500,4156.2152
2024-03-05,000510.CSI,中证A500,4170.8222
2024-03-06,000510.CSI,中证A500,4158.0837
2024-03-07,000510.CSI,中证A500,4124.0808
2024-03-08,000510.CSI,中证A500,4152.9035
2024-03-11,000510.CSI,中证A500,4212.4962
2024-03-12,000510.CSI,中证A500,4221.119
2024-03-13,000510.CSI,中证A500,4200.6461
2024-03-14,000510.CSI,中证A500,4189.2482
2024-03-15,000510.CSI,中证A500,4207.0455
2024-03-18,000510.CSI,中证A500,4250.2152
2024-03-19,000510.CSI,中证A500,4217.7019
2024-03-20,000510.CSI,中证A500,4229.9007
2024-03-21,000510.CSI,中证A500,4219.376
2024-03-22,000510.CSI,中证A500,4176.0562
2024-03-25,000510.CSI,中证A500,4142.6672
2024-03-26,000510.CSI,中证A500,4157.1085
2024-03-27,000510.CSI,中证A500,4093.0183
2024-03-28,000510.CSI,中证A500,4127.8593
2024-03-29,000510.CSI,中证A500,4154.5404
2024-04-01,000510.CSI,中证A500,4231.9053
2024-04-02,000510.CSI,中证A500,4214.1816
2024-04-03,000510.CSI,中证A500,4200.941
2024-04-08,000510.CSI,中证A500,4158.937
2024-04-09,000510.CSI,中证A500,4164.4043
2024-04-10,000510.CSI,中证A500,4125.57
2024-04-11,000510.CSI,中证A500,4128.577
2024-04-12,000510.CSI,中证A500,4099.4976
2024-04-15,000510.CSI,中证A500,4173.0344
2024-04-16,000510.CSI,中证A500,4107.536
2024-04-17,000510.CSI,中证A500,4185.715
2024-04-18,000510.CSI,中证A500,4186.6441
2024-04-19,000510.CSI,中证A500,4156.6367
2024-04-22,000510.CSI,中证A500,4136.6985
2024-04-23,000510.CSI,中证A500,4101.9071
2024-04-24,000510.CSI,中证A500,4128.7092
2024-04-25,000510.CSI,中证A500,4135.8895
2024-04-26,000510.CSI,中证A500,4204.2614
2024-04-29,000510.CSI,中证A500,4260.2198
2024-04-30,000510.CSI,中证A500,4232.6885
2024-05-06,000510.CSI,中证A500,4301.8884
2024-05-07,000510.CSI,中证A500,4304.1492
2024-05-08,000510.CSI,中证A500,4261.3899
2024-05-09,000510.CSI,中证A500,4311.9186
2024-05-10,000510.CSI,中证A500,4305.791
2024-05-13,000510.CSI,中证A500,4293.7661
2024-05-14,000510.CSI,中证A500,4285.7992
2024-05-15,000510.CSI,中证A500,4251.0016
2024-05-16,000510.CSI,中证A500,4260.7671
2024-05-17,000510.CSI,中证A500,4307.9434
2024-05-20,000510.CSI,中证A500,4326.8816
2024-05-21,000510.CSI,中证A500,4302.3319
2024-05-22,000510.CSI,中证A500,4307.3265
2024-05-23,000510.CSI,中证A500,4248.8609
2024-05-24,000510.CSI,中证A500,4202.585
2024-05-27,000510.CSI,中证A500,4243.427
2024-05-28,000510.CSI,中证A500,4209.5976
2024-05-29,000510.CSI,中证A500,4218.5961
2024-05-30,000510.CSI,中证A500,4197.9554
2024-05-31,000510.CSI,中证A500,4182.7067
2024-06-03,000510.CSI,中证A500,4189.8555
2024-06-04,000510.CSI,中证A500,4228.1035
2024-06-05,000510.CSI,中证A500,4199.3654
2024-06-06,000510.CSI,中证A500,4189.6447
2024-06-07,000510.CSI,中证A500,4167.5318
2024-06-11,000510.CSI,中证A500,4140.4942
2024-06-12,000510.CSI,中证A500,4145.0701
2024-06-13,000510.CSI,中证A500,4120.6333
2024-06-14,000510.CSI,中证A500,4134.2622
2024-06-17,000510.CSI,中证A500,4132.5265
2024-06-18,000510.CSI,中证A500,4146.0002
2024-06-19,000510.CSI,中证A500,4120.3925
2024-06-20,000510.CSI,中证A500,4080.5666
2024-06-21,000510.CSI,中证A500,4074.6825
2024-06-24,000510.CSI,中证A500,4040.092
2024-06-25,000510.CSI,中证A500,4015.3181
2024-06-26,000510.CSI,中证A500,4052.8377
2024-06-27,000510.CSI,中证A500,4009.5522
2024-06-28,000510.CSI,中证A500,4023.3329
2024-07-01,000510.CSI,中证A500,4046.4624
2024-07-02,000510.CSI,中证A500,4029.6743
2024-07-03,000510.CSI,中证A500,4017.3881
2024-07-04,000510.CSI,中证A500,3991.1937
2024-07-05,000510.CSI,中证A500,3985.5244
2024-07-08,000510.CSI,中证A500,3945.6431
2024-07-09,000510.CSI,中证A500,3997.3999
2024-07-10,000510.CSI,中证A500,3985.7207
2024-07-11,000510.CSI,中证A500,4043.5772
2024-07-12,000510.CSI,中证A500,4046.2533
2024-07-15,000510.CSI,中证A500,4039.6426
2024-07-16,000510.CSI,中证A500,4064.5602
2024-07-17,000510.CSI,中证A500,4057.2213
2024-07-18,000510.CSI,中证A500,4079.2943
2024-07-19,000510.CSI,中证A500,4094.4855
2024-07-22,000510.CSI,中证A500,4073.0129
2024-07-23,000510.CSI,中证A500,3975.6611
2024-07-24,000510.CSI,中证A500,3946.0506
2024-07-25,000510.CSI,中证A500,3925.345
2024-07-26,000510.CSI,中证A500,3948.5897
2024-07-29,000510.CSI,中证A500,3924.4203
2024-07-30,000510.CSI,中证A500,3901.8144
2024-07-31,000510.CSI,中证A500,3997.4729
2024-08-01,000510.CSI,中证A500,3970.3503
2024-08-02,000510.CSI,中证A500,3926.4671
2024-08-05,000510.CSI,中证A500,3869.2557
2024-08-06,000510.CSI,中证A500,3879.5731
2024-08-07,000510.CSI,中证A500,3877.8217
2024-08-08,000510.CSI,中证A500,3876.5315
2024-08-09,000510.CSI,中证A500,3861.3742
2024-08-12,000510.CSI,中证A500,3854.7624
2024-08-13,000510.CSI,中证A500,3864.8321
2024-08-14,000510.CSI,中证A500,3830.2122
2024-08-15,000510.CSI,中证A500,3866.7792
2024-08-16,000510.CSI,中证A500,3867.0052
2024-08-19,000510.CSI,中证A500,3878.3454
2024-08-20,000510.CSI,中证A500,3844.6932
2024-08-21,000510.CSI,中证A500,3834.7516
2024-08-22,000510.CSI,中证A500,3818.6833
2024-08-23,000510.CSI,中证A500,3833.1891
2024-08-26,000510.CSI,中证A500,3832.6981
2024-08-27,000510.CSI,中证A500,3807.5371
2024-08-28,000510.CSI,中证A500,3790.8595
2024-08-29,000510.CSI,中证A500,3795.7837
2024-08-30,000510.CSI,中证A500,3851.8711
2024-09-02,000510.CSI,中证A500,3780.4448
2024-09-03,000510.CSI,中证A500,3800.6625
2024-09-04,000510.CSI,中证A500,3777.3397
2024-09-05,000510.CSI,中证A500,3785.9887
2024-09-06,000510.CSI,中证A500,3747.9593
2024-09-09,000510.CSI,中证A500,3706.3787
2024-09-10,000510.CSI,中证A500,3710.9126
2024-09-11,000510.CSI,中证A500,3709.1969
2024-09-12,000510.CSI,中证A500,3691.6245
2024-09-13,000510.CSI,中证A500,3671.0578
2024-09-18,000510.CSI,中证A500,3685.0201
2024-09-19,000510.CSI,中证A500,3716.3943
2024-09-20,000510.CSI,中证A500,3717.1664
2024-09-23,000510.CSI,中证A500,3725.7811
2024-09-24,000510.CSI,中证A500,3885.1727
2024-09-25,000510.CSI,中证A500,3937.3741
2024-09-26,000510.CSI,中证A500,4103.8233
2024-09-27,000510.CSI,中证A500,4298.5618
2024-09-30,000510.CSI,中证A500,4684.8913
2024-10-08,000510.CSI,中证A500,4981.2967
2024-10-09,000510.CSI,中证A500,4630.9391
2024-10-10,000510.CSI,中证A500,4661.0297
2024-10-11,000510.CSI,中证A500,4516.4741
2024-10-14,000510.CSI,中证A500,4609.5528
2024-10-15,000510.CSI,中证A500,4495.5654
2024-10-16,000510.CSI,中证A500,4464.919
2024-10-17,000510.CSI,中证A500,4418.5539
2024-10-18,000510.CSI,中证A500,4581.324
2024-10-21,000510.CSI,中证A500,4614.3517
2024-10-22,000510.CSI,中证A500,4644.9181
2024-10-23,000510.CSI,中证A500,4664.2537
2024-10-24,000510.CSI,中证A500,4610.7357
2024-10-25,000510.CSI,中证A500,4655.9138
2024-10-28,000510.CSI,中证A500,4674.8209
2024-10-29,000510.CSI,中证A500,4628.6081
2024-10-30,000510.CSI,中证A500,4603.9797
2024-10-31,000510.CSI,中证A500,4614.7899
2024-11-01,000510.CSI,中证A500,4597.4523
2024-11-04,000510.CSI,中证A500,4665.2022
2024-11-05,000510.CSI,中证A500,4789.7621
2024-11-06,000510.CSI,中证A500,4775.6233
2024-11-07,000510.CSI,中证A500,4893.3061
2024-11-08,000510.CSI,中证A500,4860.8838
2024-11-11,000510.CSI,中证A500,4913.9314
2024-11-12,000510.CSI,中证A500,4862.3855
2024-11-13,000510.CSI,中证A500,4883.9804
2024-11-14,000510.CSI,中证A500,4779.6745
2024-11-15,000510.CSI,中证A500,4687.8861
2024-11-18,000510.CSI,中证A500,4648.174
2024-11-19,000510.CSI,中证A500,4692.8806
2024-11-20,000510.CSI,中证A500,4715.8422
2024-11-21,000510.CSI,中证A500,4716.7551
2024-11-22,000510.CSI,中证A500,4566.5518
2024-11-25,000510.CSI,中证A500,4544.7469
2024-11-26,000510.CSI,中证A500,4524.8665
2024-11-27,000510.CSI,中证A500,4608.3779
2024-11-28,000510.CSI,中证A500,4565.127
2024-11-29,000510.CSI,中证A500,4620.2722
2024-12-02,000510.CSI,中证A500,4669.0692
2024-12-03,000510.CSI,中证A500,4666.9088
2024-12-04,000510.CSI,中证A500,4635.8751
2024-12-05,000510.CSI,中证A500,4631.0322
2024-12-06,000510.CSI,中证A500,4694.3257
2024-12-09,000510.CSI,中证A500,4682.5165
2024-12-10,000510.CSI,中证A500,4715.9391
2024-12-11,000510.CSI,中证A500,4717.1779
2024-12-12,000510.CSI,中证A500,4759.4119
2024-12-13,000510.CSI,中证A500,4649.9465
2024-12-16,000510.CSI,中证A500,4617.1709
2024-12-17,000510.CSI,中证A500,4616.9456
2024-12-18,000510.CSI,中证A500,4643.6927
2024-12-19,000510.CSI,中证A500,4653.5084
2024-12-20,000510.CSI,中证A500,4639.2146
2024-12-23,000510.CSI,中证A500,4626.1369
2024-12-24,000510.CSI,中证A500,4682.2223
2024-12-25,000510.CSI,中证A500,4673.1441
2024-12-26,000510.CSI,中证A500,4684.843
2024-12-27,000510.CSI,中证A500,4678.6835
2024-12-30,000510.CSI,中证A500,4693.2317
2024-12-31,000510.CSI,中证A500,4608.9405
2025-01-02,000510.CSI,中证A500,4473.6597
2025-01-03,000510.CSI,中证A500,4411.0352
2025-01-06,000510.CSI,中证A500,4402.911
2025-01-07,000510.CSI,中证A500,4440.9927
2025-01-08,000510.CSI,中证A500,4428.278
2025-01-09,000510.CSI,中证A500,4424.244
2025-01-10,000510.CSI,中证A500,4365.5396
2025-01-13,000510.CSI,中证A500,4358.1951
2025-01-14,000510.CSI,中证A500,4484.0943
2025-01-15,000510.CSI,中证A500,4452.022
2025-01-16,000510.CSI,中证A500,4458.9554
2025-01-17,000510.CSI,中证A500,4476.9817
2025-01-20,000510.CSI,中证A500,4499.5431
2025-01-21,000510.CSI,中证A500,4507.0593
2025-01-22,000510.CSI,中证A500,4466.6551
2025-01-23,000510.CSI,中证A500,4463.9674
2025-01-24,000510.CSI,中证A500,4504.0095
2025-01-27,000510.CSI,中证A500,4478.6606
2025-02-05,000510.CSI,中证A500,4468.2444
2025-02-06,000510.CSI,中证A500,4540.9167
2025-02-07,000510.CSI,中证A500,4606.1876
2025-02-10,000510.CSI,中证A500,4627.011
2025-02-11,000510.CSI,中证A500,4603.1353
2025-02-12,000510.CSI,中证A500,4652.6661
2025-02-13,000510.CSI,中证A500,4630.5645
2025-02-14,000510.CSI,中证A500,4675.9742
2025-02-17,000510.CSI,中证A500,4681.5176
2025-02-18,000510.CSI,中证A500,4629.25
2025-02-19,000510.CSI,中证A500,4674.2825
2025-02-20,000510.CSI,中证A500,4667.8786
2025-02-21,000510.CSI,中证A500,4734.8618
2025-02-24,000510.CSI,中证A500,4725.3504
2025-02-25,000510.CSI,中证A500,4673.9922
2025-02-26,000510.CSI,中证A500,4712.6208
2025-02-27,000510.CSI,中证A500,4712.3286
2025-02-28,000510.CSI,中证A500,4606.3568
2025-03-03,000510.CSI,中证A500,4611.5773
2025-03-04,000510.CSI,中证A500,4613.7987
2025-03-05,000510.CSI,中证A500,4632.2461
2025-03-06,000510.CSI,中证A500,4704.5761
2025-03-07,000510.CSI,中证A500,4690.5557
2025-03-10,000510.CSI,中证A500,4677.5246
2025-03-11,000510.CSI,中证A500,4692.0389
2025-03-12,000510.CSI,中证A500,4676.3047
2025-03-13,000510.CSI,中证A500,4648.5293
2025-03-14,000510.CSI,中证A500,4755.1501
2025-03-17,000510.CSI,中证A500,4748.0978
2025-03-18,000510.CSI,中证A500,4765.5534
2025-03-19,000510.CSI,中证A500,4758.8903
2025-03-20,000510.CSI,中证A500,4718.1824
2025-03-21,000510.CSI,中证A500,4642.7435
2025-03-24,000510.CSI,中证A500,4661.7548
2025-03-25,000510.CSI,中证A500,4653.2483
2025-03-26,000510.CSI,中证A500,4638.7278
2025-03-27,000510.CSI,中证A500,4652.0664
2025-03-28,000510.CSI,中证A500,4627.1403
2025-03-31,000510.CSI,中证A500,4591.7127
2025-04-01,000510.CSI,中证A500,4596.4382
2025-04-02,000510.CSI,中证A500,4590.6699
2025-04-03,000510.CSI,中证A500,4554.2481
2025-04-07,000510.CSI,中证A500,4199.0917
2025-04-08,000510.CSI,中证A500,4259.3095
2025-04-09,000510.CSI,中证A500,4311.8391
2025-04-10,000510.CSI,中证A500,4376.2774
2025-04-11,000510.CSI,中证A500,4400.6428
2025-04-14,000510.CSI,中证A500,4417.5218
2025-04-15,000510.CSI,中证A500,4412.3111
2025-04-16,000510.CSI,中证A500,4415.3764
2025-04-17,000510.CSI,中证A500,4412.4193
2025-04-18,000510.CSI,中证A500,4413.1407
2025-04-21,000510.CSI,中证A500,4444.332
2025-04-22,000510.CSI,中证A500,4436.5102
2025-04-23,000510.CSI,中证A500,4444.9653
2025-04-24,000510.CSI,中证A500,4435.1837
2025-04-25,000510.CSI,中证A500,4443.1746
2025-04-28,000510.CSI,中证A500,4432.1385
2025-04-29,000510.CSI,中证A500,4431.6336
2025-04-30,000510.CSI,中证A500,4435.81
2025-05-06,000510.CSI,中证A500,4494.626
2025-05-07,000510.CSI,中证A500,4517.504
2025-05-08,000510.CSI,中证A500,4543.64
2025-05-09,000510.CSI,中证A500,4526.2419
2025-05-12,000510.CSI,中证A500,4583.1916
2025-05-13,000510.CSI,中证A500,4584.6995
2025-05-14,000510.CSI,中证A500,4626.0749
2025-05-15,000510.CSI,中证A500,4578.1774
2025-05-16,000510.CSI,中证A500,4563.0199
2025-05-19,000510.CSI,中证A500,4552.4145
2025-05-20,000510.CSI,中证A500,4579.383
2025-05-21,000510.CSI,中证A500,4599.6658
2025-05-22,000510.CSI,中证A500,4585.8343
2025-05-23,000510.CSI,中证A500,4549.8879
2025-05-26,000510.CSI,中证A500,4531.7345
2025-05-27,000510.CSI,中证A500,4504.8643
2025-05-28,000510.CSI,中证A500,4497.616
2025-05-29,000510.CSI,中证A500,4532.1821
2025-05-30,000510.CSI,中证A500,4503.4596
2025-06-03,000510.CSI,中证A500,4512.0749
2025-06-04,000510.CSI,中证A500,4533.8339
2025-06-05,000510.CSI,中证A500,4549.5389
2025-06-06,000510.CSI,中证A500,4545.0977
2025-06-09,000510.CSI,中证A500,4562.7654
2025-06-10,000510.CSI,中证A500,4536.0459
2025-06-11,000510.CSI,中证A500,4567.4924
2025-06-12,000510.CSI,中证A500,4566.6038
2025-06-13,000510.CSI,中证A500,4532.7952
2025-06-16,000510.CSI,中证A500,4543.9899
2025-06-17,000510.CSI,中证A500,4537.1822
2025-06-18,000510.CSI,中证A500,4540.4119
2025-06-19,000510.CSI,中证A500,4499.8166
2025-06-20,000510.CSI,中证A500,4492.5406
2025-06-23,000510.CSI,中证A500,4509.8859
2025-06-24,000510.CSI,中证A500,4570.1885
2025-06-25,000510.CSI,中证A500,4631.2658
2025-06-26,000510.CSI,中证A500,4614.444
2025-06-27,000510.CSI,中证A500,4601.7672
2025-06-30,000510.CSI,中证A500,4630.4534
2025-07-01,000510.CSI,中证A500,4636.789
2025-07-02,000510.CSI,中证A500,4627.6555
2025-07-03,000510.CSI,中证A500,4656.9063
2025-07-04,000510.CSI,中证A500,4662.5144
2025-07-07,000510.CSI,中证A500,4639.96
2025-07-08,000510.CSI,中证A500,4687.5758
2025-07-09,000510.CSI,中证A500,4676.0508
2025-07-10,000510.CSI,中证A500,4696.4381
2025-07-11,000510.CSI,中证A500,4707.0772
2025-07-14,000510.CSI,中证A500,4709.7777
2025-07-15,000510.CSI,中证A500,4717.8875
2025-07-16,000510.CSI,中证A500,4707.3519
2025-07-17,000510.CSI,中证A500,4749.7362
2025-07-18,000510.CSI,中证A500,4773.2394
2025-07-21,000510.CSI,中证A500,4808.6219
2025-07-22,000510.CSI,中证A500,4849.167
2025-07-23,000510.CSI,中证A500,4844.3264
2025-07-24,000510.CSI,中证A500,4888.719
2025-07-25,000510.CSI,中证A500,4871.116
2025-07-28,000510.CSI,中证A500,4885.7748
2025-07-29,000510.CSI,中证A500,4910.1899
2025-07-30,000510.CSI,中证A500,4899.1984
2025-07-31,000510.CSI,中证A500,4813.3899
2025-08-01,000510.CSI,中证A500,4792.4197
2025-08-04,000510.CSI,中证A500,4814.0672
2025-08-05,000510.CSI,中证A500,4846.5077
2025-08-06,000510.CSI,中证A500,4866.3364
2025-08-07,000510.CSI,中证A500,4864.0702
2025-08-08,000510.CSI,中证A500,4852.4132
2025-08-11,000510.CSI,中证A500,4886.8439
2025-08-12,000510.CSI,中证A500,4907.7999
2025-08-13,000510.CSI,中证A500,4956.0257
2025-08-14,000510.CSI,中证A500,4939.0546
2025-08-15,000510.CSI,中证A500,4985.8298
2025-08-18,000510.CSI,中证A500,5038.681
2025-08-19,000510.CSI,中证A500,5016.8246
2025-08-20,000510.CSI,中证A500,5075.2184
2025-08-21,000510.CSI,中证A500,5089.3353
2025-08-22,000510.CSI,中证A500,5198.9127
2025-08-25,000510.CSI,中证A500,5311.7336
2025-08-26,000510.CSI,中证A500,5304.5126
2025-08-27,000510.CSI,中证A500,5227.9827
2025-08-28,000510.CSI,中证A500,5327.8815
2025-08-29,000510.CSI,中证A500,5372.764
2025-09-01,000510.CSI,中证A500,5418.5209
2025-09-02,000510.CSI,中证A500,5358.4445
2025-09-03,000510.CSI,中证A500,5323.4913
2025-09-04,000510.CSI,中证A500,5192.0176
2025-09-05,000510.CSI,中证A500,5333.0747
2025-09-08,000510.CSI,中证A500,5358.7022
2025-09-09,000510.CSI,中证A500,5314.409
2025-09-10,000510.CSI,中证A500,5325.8086
2025-09-11,000510.CSI,中证A500,5454.2736
2025-09-12,000510.CSI,中证A500,5432.2147
2025-09-15,000510.CSI,中证A500,5448.412
2025-09-16,000510.CSI,中证A500,5449.9773
2025-09-17,000510.CSI,中证A500,5492.4094
2025-09-18,000510.CSI,中证A500,5433.7597
2025-09-19,000510.CSI,中证A500,5433.289
2025-09-22,000510.CSI,中证A500,5457.289
2025-09-23,000510.CSI,中证A500,5446.018
2025-09-24,000510.CSI,中证A500,5521.8186
2025-09-25,000510.CSI,中证A500,5561.1343
2025-09-26,000510.CSI,中证A500,5497.7278
2025-09-29,000510.CSI,中证A500,5579.0262
2025-09-30,000510.CSI,中证A500,5618.713
2025-10-09,000510.CSI,中证A500,5708.2876
2025-10-10,000510.CSI,中证A500,5577.653
2025-10-13,000510.CSI,中证A500,5550.2962
2025-10-14,000510.CSI,中证A500,5451.586
2025-10-15,000510.CSI,中证A500,5534.0924
2025-10-16,000510.CSI,中证A500,5531.7861
2025-10-17,000510.CSI,中证A500,5392.9696
2025-10-20,000510.CSI,中证A500,5427.0792
2025-10-21,000510.CSI,中证A500,5516.4771
2025-10-22,000510.CSI,中证A500,5494.7354
2025-10-23,000510.CSI,中证A500,5510.4633
2025-10-24,000510.CSI,中证A500,5586.3547
2025-10-27,000510.CSI,中证A500,5658.848
2025-10-28,000510.CSI,中证A500,5628.2923
2025-10-29,000510.CSI,中证A500,5703.9885
2025-10-30,000510.CSI,中证A500,5653.7481
2025-10-31,000510.CSI,中证A500,5583.7242
2025-11-03,000510.CSI,中证A500,5594.4081
2025-11-04,000510.CSI,中证A500,5535.3659
2025-11-05,000510.CSI,中证A500,5548.0698
2025-11-06,000510.CSI,中证A500,5633.5172
2025-11-07,000510.CSI,中证A500,5622.1163
2025-11-10,000510.CSI,中证A500,5635.3859
2025-11-11,000510.CSI,中证A500,5588.2301
2025-11-12,000510.CSI,中证A500,5574.5059
2025-11-13,000510.CSI,中证A500,5654.4394
2025-11-14,000510.CSI,中证A500,5563.5019
2025-11-17,000510.CSI,中证A500,5540.1082
2025-11-18,000510.CSI,中证A500,5496.5364
2025-11-19,000510.CSI,中证A500,5512.3838
2025-11-20,000510.CSI,中证A500,5475.5503
2025-11-21,000510.CSI,中证A500,5325.9875
2025-11-24,000510.CSI,中证A500,5334.3149
2025-11-25,000510.CSI,中证A500,5392.9109
2025-11-26,000510.CSI,中证A500,5422.5212
2025-11-27,000510.CSI,中证A500,5415.9267
2025-11-28,000510.CSI,中证A500,5440.9431
2025-12-01,000510.CSI,中证A500,5505.2763
2025-12-02,000510.CSI,中证A500,5471.1852
2025-12-03,000510.CSI,中证A500,5440.6233
2025-12-04,000510.CSI,中证A500,5461.7504
2025-12-05,000510.CSI,中证A500,5513.753
2025-12-08,000510.CSI,中证A500,5561.3663
2025-12-09,000510.CSI,中证A500,5530.0336
2025-12-10,000510.CSI,中证A500,5532.5903
2025-12-11,000510.CSI,中证A500,5486.3075
2025-12-12,000510.CSI,中证A500,5530.3907
2025-12-15,000510.CSI,中证A500,5490.1205
2025-12-16,000510.CSI,中证A500,5414.9348
2025-12-17,000510.CSI,中证A500,5520.7799
2025-12-18,000510.CSI,中证A500,5486.2618
2025-12-19,000510.CSI,中证A500,5516.1706
2025-12-22,000510.CSI,中证A500,5580.2783
2025-12-23,000510.CSI,中证A500,5592.4337
2025-12-24,000510.CSI,中证A500,5622.5153
2025-12-25,000510.CSI,中证A500,5636.7388
2025-12-26,000510.CSI,中证A500,5667.8201
2025-12-29,000510.CSI,中证A500,5640.7597
2025-12-30,000510.CSI,中证A500,5658.687
2025-12-31,000510.CSI,中证A500,5642.8195
2026-01-05,000510.CSI,中证A500,5763.2977
2026-01-06,000510.CSI,中证A500,5860.2043
2026-01-07,000510.CSI,中证A500,5860.2533
2026-01-08,000510.CSI,中证A500,5830.5699
2026-01-09,000510.CSI,中证A500,5881.9497
2026-01-12,000510.CSI,中证A500,5948.6983
2026-01-13,000510.CSI,中证A500,5901.2069
2026-01-14,000510.CSI,中证A500,5901.2034
2026-01-15,000510.CSI,中证A500,5914.5561
2026-01-16,000510.CSI,中证A500,5889.3513
2026-01-19,000510.CSI,中证A500,5905.9392
2026-01-20,000510.CSI,中证A500,5878.7351
2026-01-21,000510.CSI,中证A500,5904.5656
2026-01-22,000510.CSI,中证A500,5911.7762
2026-01-23,000510.CSI,中证A500,5935.1139
2026-01-26,000510.CSI,中证A500,5925.5347
2026-01-27,000510.CSI,中证A500,5930.416
2026-01-28,000510.CSI,中证A500,5951.0956
2026-01-29,000510.CSI,中证A500,5968.9133
2026-01-30,000510.CSI,中证A500,5898.1259
2026-02-02,000510.CSI,中证A500,5742.4851
2026-02-03,000510.CSI,中证A500,5852.1492
2026-02-04,000510.CSI,中证A500,5886.5821
2026-02-05,000510.CSI,中证A500,5817.5979
2026-02-06,000510.CSI,中证A500,5792.012
2026-02-09,000510.CSI,中证A500,5899.2246
2026-02-10,000510.CSI,中证A500,5903.4677
2026-02-11,000510.CSI,中证A500,5896.1494
2026-02-12,000510.CSI,中证A500,5923.1459
2026-02-13,000510.CSI,中证A500,5840.727
2026-02-24,000510.CSI,中证A500,5910.7327
2026-02-25,000510.CSI,中证A500,5967.3032
2026-02-26,000510.CSI,中证A500,5961.5105
2026-02-27,000510.CSI,中证A500,5965.354
2026-03-02,000510.CSI,中证A500,5984.746
2026-03-03,000510.CSI,中证A500,5840.5764
2026-03-04,000510.CSI,中证A500,5784.5714
2026-03-05,000510.CSI,中证A500,5843.4912
2026-03-06,000510.CSI,中证A500,5859.1242
2026-03-09,000510.CSI,中证A500,5804.0902
2026-03-10,000510.CSI,中证A500,5890.0007
2026-03-11,000510.CSI,中证A500,5919.9926
2026-03-12,000510.CSI,中证A500,5888.207
2026-03-13,000510.CSI,中证A500,5844.6244
2026-03-16,000510.CSI,中证A500,5835.2827
2026-03-17,000510.CSI,中证A500,5767.7261
2026-03-18,000510.CSI,中证A500,5802.6509
2026-03-19,000510.CSI,中证A500,5688.6349
2026-03-20,000510.CSI,中证A500,5659.0508
2026-03-23,000510.CSI,中证A500,5466.8989
2026-03-24,000510.CSI,中证A500,5542.3604
2026-03-25,000510.CSI,中证A500,5633.1028
2026-03-26,000510.CSI,中证A500,5552.7835
2026-03-27,000510.CSI,中证A500,5600.3386
2026-03-30,000510.CSI,中证A500,5594.4527
2026-03-31,000510.CSI,中证A500,5526.727
2026-04-01,000510.CSI,中证A500,5626.3293
2026-04-02,000510.CSI,中证A500,5550.7423
2026-04-03,000510.CSI,中证A500,5501.8755
2026-04-07,000510.CSI,中证A500,5510.7372
2026-04-08,000510.CSI,中证A500,5728.384
2026-04-09,000510.CSI,中证A500,5698.9509
2026-04-10,000510.CSI,中证A500,5783.0538
2026-04-13,000510.CSI,中证A500,5792.7755
2026-04-14,000510.CSI,中证A500,5865.3509
2026-04-15,000510.CSI,中证A500,5837.4508
2026-04-16,000510.CSI,中证A500,5914.0602
2026-04-17,000510.CSI,中证A500,5913.8399
2026-04-20,000510.CSI,中证A500,5954.8307
2026-04-21,000510.CSI,中证A500,5959.6617
2026-04-22,000510.CSI,中证A500,6006.669
2026-04-23,000510.CSI,中证A500,5973.4063
2026-04-24,000510.CSI,中证A500,5952.4553
2026-04-27,000510.CSI,中证A500,5965.3825
2026-04-28,000510.CSI,中证A500,5929.5575
2026-04-29,000510.CSI,中证A500,6013.408
2026-04-30,000510.CSI,中证A500,6020.437
2026-05-06,000510.CSI,中证A500,6135.8592
2026-05-07,000510.CSI,中证A500,6183.0137
2026-05-08,000510.CSI,中证A500,6154.2714
2026-05-11,000510.CSI,中证A500,6262.3149
2026-05-12,000510.CSI,中证A500,6249.2307
2026-05-13,000510.CSI,中证A500,6318.0378
2026-05-14,000510.CSI,中证A500,6182.9675
2026-05-15,000510.CSI,中证A500,6105.8708
2026-05-18,000510.CSI,中证A500,6084.5079
2026-05-19,000510.CSI,中证A500,6121.0911
2026-05-20,000510.CSI,中证A500,6130.4499
2026-05-21,000510.CSI,中证A500,6019.5485
2026-05-22,000510.CSI,中证A500,6115.175
2026-05-25,000510.CSI,中证A500,6211.0991
2026-05-26,000510.CSI,中证A500,6228.6464
2026-05-27,000510.CSI,中证A500,6159.1677
2026-05-28,000510.CSI,中证A500,6169.8387
2026-05-29,000510.CSI,中证A500,6100.1445
2026-06-01,000510.CSI,中证A500,6030.6901
2026-06-02,000510.CSI,中证A500,6111.1457
2026-06-03,000510.CSI,中证A500,6144.4941
2026-06-04,000510.CSI,中证A500,6113.491
2026-06-05,000510.CSI,中证A500,6009.3944
2026-06-08,000510.CSI,中证A500,5855.8932
2026-06-09,000510.CSI,中证A500,5981.7813
2026-06-10,000510.CSI,中证A500,5902.9723
2026-06-11,000510.CSI,中证A500,5872.7018
2026-06-12,000510.CSI,中证A500,5931.6484
2026-06-15,000510.CSI,中证A500,6099.1874
2026-06-16,000510.CSI,中证A500,6111.864
2026-06-17,000510.CSI,中证A500,6188.0967
2026-06-18,000510.CSI,中证A500,6219.789
2026-06-22,000510.CSI,中证A500,6373.5624
2026-06-23,000510.CSI,中证A500,6182.5746
2026-06-24,000510.CSI,中证A500,6247.0093
2026-06-25,000510.CSI,中证A500,6343.2064
2026-06-26,000510.CSI,中证A500,6147.4526
2026-06-29,000510.CSI,中证A500,6222.3611
2026-06-30,000510.CSI,中证A500,6314.988
2026-07-01,000510.CSI,中证A500,6277.7751
2026-07-02,000510.CSI,中证A500,6076.2531
2026-07-03,000510.CSI,中证A500,6117.3697
2026-07-06,000510.CSI,中证A500,6097.124
2026-07-07,000510.CSI,中证A500,6023.6021
2026-07-08,000510.CSI,中证A500,5952.4272
2026-07-09,000510.CSI,中证A500,6120.8727
2026-07-10,000510.CSI,中证A500,6005.8698
2026-07-13,000510.CSI,中证A500,5851.8193
2026-07-14,000510.CSI,中证A500,5984.3666
2026-07-15,000510.CSI,中证A500,5943.8756
2026-07-16,000510.CSI,中证A500,5825.9877
2026-07-17,000510.CSI,中证A500,5577.7023
2026-07-20,000510.CSI,中证A500,5622.822
2026-07-21,000510.CSI,中证A500,5839.9065
2026-07-22,000510.CSI,中证A500,5803.7725
2026-07-23,000510.CSI,中证A500,5814.5566
2026-07-24,000510.CSI,中证A500,5703.8686
2026-07-27,000510.CSI,中证A500,5790.9224
2026-07-28,000510.CSI,中证A500,5606.075
2026-07-29,000510.CSI,中证A500,5647.0319
2026-07-30,000510.CSI,中证A500,5557.9434
